-- phpMyAdmin SQL Dump
-- version 4.8.5
-- https://www.phpmyadmin.net/
--
-- Host: 127.0.0.1
-- Generation Time: 30 май 2020 в 21:58
-- Версия на сървъра: 10.1.38-MariaDB
-- PHP Version: 7.3.3

SET SQL_MODE = "NO_AUTO_VALUE_ON_ZERO";
SET AUTOCOMMIT = 0;
START TRANSACTION;
SET time_zone = "+00:00";


/*!40101 SET @OLD_CHARACTER_SET_CLIENT=@@CHARACTER_SET_CLIENT */;
/*!40101 SET @OLD_CHARACTER_SET_RESULTS=@@CHARACTER_SET_RESULTS */;
/*!40101 SET @OLD_COLLATION_CONNECTION=@@COLLATION_CONNECTION */;
/*!40101 SET NAMES utf8mb4 */;

--
-- Database: `library`
--
CREATE DATABASE IF NOT EXISTS `library` DEFAULT CHARACTER SET utf8 COLLATE utf8_general_ci;
USE `library`;

-- --------------------------------------------------------

--
-- Структура на таблица `authors`
--

DROP TABLE IF EXISTS `authors`;
CREATE TABLE IF NOT EXISTS `authors` (
  `author_id` int(11) NOT NULL AUTO_INCREMENT,
  `author_name` varchar(30) NOT NULL,
  PRIMARY KEY (`author_id`)
) ENGINE=MyISAM AUTO_INCREMENT=165 DEFAULT CHARSET=utf8;

--
-- Схема на данните от таблица `authors`
--

INSERT INTO `authors` (`author_id`, `author_name`) VALUES
(132, 'Иван Вазов'),
(133, 'Йордан Йовков'),
(134, 'Елин Пелин'),
(135, 'Александър Дюма'),
(136, 'Михаил Булгаков'),
(137, 'Лев Толстой'),
(139, 'Майкъл Ондатджи'),
(141, 'Умберто Еко'),
(142, 'Фьодор Достоевски'),
(143, 'Емили Бронте'),
(146, 'Джейн Остин'),
(147, 'Джек Лондон'),
(148, 'Александър Пушкин'),
(149, 'Джон Стайнбек'),
(150, 'Джон Милтън'),
(151, 'Сун Дзъ'),
(152, 'Уилиам Шекспир'),
(153, 'Виктор Фон Фалк'),
(154, 'Маргарет Мичъл'),
(155, 'Колийн Маккълоу'),
(156, 'Джеймс Клавел'),
(157, 'Нийл Геймън'),
(158, 'Тери Пратчет'),
(159, 'Чарлз Дикенс'),
(160, 'Омир'),
(161, 'Паулу Коелю'),
(162, 'Тест'),
(163, 'Errrr'),
(164, 'Тест11111223');

-- --------------------------------------------------------

--
-- Структура на таблица `books`
--

DROP TABLE IF EXISTS `books`;
CREATE TABLE IF NOT EXISTS `books` (
  `book_id` int(11) NOT NULL AUTO_INCREMENT,
  `book_name` varchar(30) NOT NULL,
  `date_publish` datetime NOT NULL,
  PRIMARY KEY (`book_id`)
) ENGINE=MyISAM AUTO_INCREMENT=214 DEFAULT CHARSET=utf8;

--
-- Схема на данните от таблица `books`
--

INSERT INTO `books` (`book_id`, `book_name`, `date_publish`) VALUES
(153, 'Чичовци', '2014-11-11 15:24:51'),
(154, 'Три разказа за Васил Левски', '2014-11-11 17:20:56'),
(155, 'Немили-недраги', '2014-11-11 17:21:28'),
(156, 'Под игото', '2014-11-11 17:21:56'),
(157, 'Старопланински легенди', '2014-11-11 17:23:49'),
(158, 'Жетварят', '2014-11-11 17:24:12'),
(159, 'Албена', '2014-11-11 17:24:35'),
(160, 'Ако можеха да говорят', '2014-11-11 17:24:49'),
(161, 'Ян Бибиян', '2014-11-11 17:25:47'),
(162, 'Сватбата на червенушко', '2014-11-11 17:26:06'),
(163, 'Дядовата ръкавичка', '2014-11-11 17:26:26'),
(164, 'Гераците', '2014-11-11 17:26:58'),
(165, 'Под манастирската лоза', '2014-11-11 17:27:24'),
(166, 'Ветрената мелница', '2014-11-11 17:27:35'),
(167, 'Златни зрънца', '2014-11-11 17:27:57'),
(168, '20 години по-късно', '2014-11-11 17:29:59'),
(203, 'Коледна песен', '2014-11-25 18:46:34'),
(170, 'Ана Каренина', '2014-11-11 17:31:34'),
(171, 'Английският пациент', '2014-11-11 17:34:23'),
(172, 'Баудолино', '2014-11-11 17:35:55'),
(173, 'Бесове', '2014-11-11 17:36:29'),
(174, 'Братя Карамазови', '2014-11-11 17:36:44'),
(175, 'Брулени хълмове', '2014-11-11 17:37:32'),
(176, 'Война и мир', '2014-11-11 17:40:25'),
(177, 'Възкресение', '2014-11-11 17:40:57'),
(178, 'Гордост и предразсъдъци', '2014-11-11 17:42:15'),
(179, 'Граф Монте Кристо', '2014-11-11 17:42:46'),
(180, 'Графиня дьо Монсоро', '2014-11-11 17:43:08'),
(181, 'Дивото зове', '2014-11-11 17:43:46'),
(182, 'Доводите на разума', '2014-11-11 17:44:30'),
(183, 'Евгений Онегин', '2014-11-11 17:45:34'),
(184, 'За мишките и хората', '2014-11-11 17:46:10'),
(185, 'Изгубеният рай', '2014-11-11 17:46:48'),
(186, 'Изкуството на войната', '2014-11-11 17:47:30'),
(187, 'Кралица Марго', '2014-11-11 17:47:49'),
(202, 'Птиците умират сами', '2014-11-11 19:19:22'),
(201, 'Макбет', '2014-11-11 19:19:05'),
(190, 'Мъртвите сибирски полета', '2014-11-11 17:50:00'),
(191, 'Отнесени от вихъра', '2014-11-11 17:50:37'),
(192, 'Престъпление и наказание', '2014-11-11 17:51:11'),
(200, 'Майстора и Маргарита', '2014-11-11 19:18:38'),
(194, 'Ромео и Жулиета', '2014-11-11 17:52:24'),
(195, 'Тримата мускетари', '2014-11-11 17:53:23'),
(196, 'Хамлет', '2014-11-11 17:53:36'),
(197, 'Четиридесет и петимата', '2014-11-11 17:54:09'),
(198, 'Шогун', '2014-11-11 17:55:01'),
(199, 'Добри поличби ', '2014-11-11 18:08:56'),
(204, 'Илиада', '2014-11-26 12:15:10'),
(205, 'Алхимикът', '2014-11-27 16:27:07'),
(206, 'Тест1', '2020-02-05 20:11:18'),
(207, 'Test3', '2020-02-05 20:14:52'),
(208, 'Test9', '2020-02-05 20:15:43'),
(209, 'Test91', '2020-02-05 20:16:13'),
(210, 'T777', '2020-02-05 20:17:15'),
(211, 'T77788', '2020-02-05 20:18:25'),
(212, 'Test5', '2020-02-05 20:18:33'),
(213, 'Test35', '2020-02-06 10:58:25');

-- --------------------------------------------------------

--
-- Структура на таблица `books_authors`
--

DROP TABLE IF EXISTS `books_authors`;
CREATE TABLE IF NOT EXISTS `books_authors` (
  `book_id` int(11) NOT NULL,
  `author_id` int(11) NOT NULL
) ENGINE=MyISAM DEFAULT CHARSET=utf8;

--
-- Схема на данните от таблица `books_authors`
--

INSERT INTO `books_authors` (`book_id`, `author_id`) VALUES
(153, 132),
(154, 132),
(155, 132),
(156, 132),
(157, 133),
(158, 133),
(159, 133),
(160, 133),
(161, 134),
(162, 134),
(163, 134),
(164, 134),
(165, 134),
(166, 134),
(167, 134),
(168, 135),
(200, 136),
(170, 137),
(171, 139),
(172, 141),
(173, 142),
(174, 142),
(175, 143),
(176, 137),
(177, 137),
(178, 146),
(179, 135),
(180, 135),
(181, 147),
(182, 146),
(183, 148),
(184, 149),
(185, 150),
(186, 151),
(187, 135),
(201, 152),
(202, 155),
(190, 153),
(191, 154),
(192, 142),
(203, 159),
(194, 152),
(195, 135),
(196, 152),
(197, 135),
(198, 156),
(199, 157),
(199, 158),
(204, 160),
(205, 161),
(211, 142),
(212, 137),
(213, 136);

-- --------------------------------------------------------

--
-- Структура на таблица `comments`
--

DROP TABLE IF EXISTS `comments`;
CREATE TABLE IF NOT EXISTS `comments` (
  `comment_id` int(11) NOT NULL AUTO_INCREMENT,
  `comment_text` text NOT NULL,
  `comment_date` datetime NOT NULL,
  PRIMARY KEY (`comment_id`)
) ENGINE=MyISAM AUTO_INCREMENT=236 DEFAULT CHARSET=utf8;

--
-- Схема на данните от таблица `comments`
--

INSERT INTO `comments` (`comment_id`, `comment_text`, `comment_date`) VALUES
(193, 'Коментар 1', '2014-11-11 17:56:35'),
(194, 'Коментар 2', '2014-11-11 17:56:43'),
(195, 'Коментар 3', '2014-11-11 18:00:28'),
(196, 'Коментар 4', '2014-11-11 18:00:34'),
(197, 'Коментар 5', '2014-11-11 18:00:39'),
(198, 'Коментар 6', '2014-11-11 18:00:43'),
(199, 'Коментар 7', '2014-11-11 18:00:48'),
(200, 'Коментар 1', '2014-11-11 18:04:10'),
(201, 'Коментар 2', '2014-11-11 18:04:20'),
(202, 'Коментар 1', '2014-11-11 18:04:33'),
(203, 'Коментар 1', '2014-11-11 18:04:52'),
(204, 'Коментар 1', '2014-11-11 18:05:05'),
(205, 'Коментар 2', '2014-11-11 18:05:09'),
(206, 'Коментар 3', '2014-11-11 18:05:12'),
(207, 'Коментар 4', '2014-11-11 18:05:16'),
(208, 'Коментар 5', '2014-11-11 18:05:22'),
(209, 'Коментар 6', '2014-11-11 18:05:28'),
(210, 'Коментар 7', '2014-11-11 18:05:35'),
(211, 'Коментар 1', '2014-11-11 18:05:48'),
(212, 'Коментар 8', '2014-11-11 18:06:01'),
(213, 'Коментар 3', '2014-11-11 19:25:04'),
(214, 'Коментар 1', '2014-11-13 19:55:04'),
(215, 'Коментар 1', '2014-11-25 18:46:55'),
(216, 'Коментар 2', '2014-11-25 18:46:59'),
(217, 'Коментар 3', '2014-11-25 18:47:14'),
(218, 'Коментар 4', '2014-11-25 18:48:57'),
(219, 'Коментар 5', '2014-11-25 18:49:02'),
(220, 'Коментар 6', '2014-11-25 18:49:12'),
(221, 'Коментар 7', '2014-11-25 18:49:19'),
(222, 'Коментар 8', '2014-11-25 18:50:07'),
(223, 'Коментар 9', '2014-11-25 18:50:12'),
(224, 'Коментар 1', '2014-11-26 12:15:45'),
(225, 'Коментар 2', '2014-11-26 12:15:59'),
(226, 'Коментар 3', '2014-11-26 12:16:54'),
(227, 'Коментар 4', '2014-11-26 12:17:07'),
(228, 'Коментар 5', '2014-11-26 12:17:13'),
(229, 'Коментар 6', '2014-11-26 12:17:47'),
(230, 'Коментар 7', '2014-11-26 12:17:53'),
(231, 'Коментар 1', '2014-11-27 16:22:22'),
(232, 'Коментар 2', '2014-11-27 16:22:46'),
(233, 'hhhhhhhhhhhhhhhhhhh', '2020-02-05 20:21:18'),
(234, 'ppppppppppppppp', '2020-02-05 20:21:34'),
(235, '123456', '2020-02-06 11:00:29');

-- --------------------------------------------------------

--
-- Структура на таблица `users`
--

DROP TABLE IF EXISTS `users`;
CREATE TABLE IF NOT EXISTS `users` (
  `user_id` int(11) NOT NULL AUTO_INCREMENT,
  `username` varchar(30) NOT NULL,
  `password` varchar(60) NOT NULL,
  `email` varchar(30) NOT NULL,
  `sex` varchar(10) NOT NULL,
  `age` int(3) NOT NULL,
  `city` varchar(30) NOT NULL,
  `date_reg` datetime NOT NULL,
  PRIMARY KEY (`user_id`)
) ENGINE=MyISAM AUTO_INCREMENT=37 DEFAULT CHARSET=utf8;

--
-- Схема на данните от таблица `users`
--

INSERT INTO `users` (`user_id`, `username`, `password`, `email`, `sex`, `age`, `city`, `date_reg`) VALUES
(31, 'user', '$2y$10$Xeqxe/zRazZVKmhpI/O2hekEQrZ9.eQbDlE3MPGBZsxQ1taz0miGK', 'user@mail.bg', 'мъж', 29, 'Sofia', '2014-11-11 15:17:04'),
(32, 'user11', '$2y$10$Xeqxe/zRazZVKmhpI/O2hekEQrZ9.eQbDlE3MPGBZsxQ1taz0miGK', 'user11@abv.bg', 'жена', 22, 'Varna', '2014-11-11 17:58:25'),
(33, 'test', '$2y$10$hcu5KgWN1511IvFXA5CovO54faPqhCJKAd/m0kkZqqKfxEP1FgxQG', 'test@mail.bg', 'мъж', 16, 'Varna', '2014-11-26 12:12:02'),
(34, 'testing', '$2y$10$tf2G3pw279Vw51QYiurOZevh07rMYg0A9ORjCtJtRafj1mzEGVh5u', 'testing@mail.bg', 'мъж', 18, 'София', '2014-11-27 10:47:15'),
(35, 'testing1', '$2y$10$1zw.NvmtsSxlFqCKm.PYc.TK.gN2Tgsh/6wXKqJAYXDbw3ouqxBVm', 'testing1@mail.bg', 'мъж', 18, 'Sofia', '2014-11-27 11:54:51'),
(36, 'user123', '$2y$10$1a92rTmbgeMYivKKlFciEeE.GqDMv.cF8PddP84K5o14e034AGsu.', 'test@abv.bg', 'мъж', 18, 'Sofia', '2020-02-06 11:00:06');

-- --------------------------------------------------------

--
-- Структура на таблица `users_comments_books`
--

DROP TABLE IF EXISTS `users_comments_books`;
CREATE TABLE IF NOT EXISTS `users_comments_books` (
  `user_id` int(11) NOT NULL,
  `comment_id` int(11) NOT NULL,
  `book_id` int(11) NOT NULL
) ENGINE=MyISAM DEFAULT CHARSET=utf8;

--
-- Схема на данните от таблица `users_comments_books`
--

INSERT INTO `users_comments_books` (`user_id`, `comment_id`, `book_id`) VALUES
(31, 193, 191),
(31, 194, 191),
(32, 195, 191),
(32, 196, 191),
(32, 197, 191),
(32, 198, 191),
(32, 199, 191),
(32, 200, 198),
(32, 201, 198),
(32, 202, 195),
(31, 203, 197),
(31, 204, 196),
(31, 205, 196),
(31, 206, 196),
(31, 207, 196),
(31, 208, 196),
(31, 209, 196),
(31, 210, 196),
(31, 211, 194),
(31, 212, 191),
(31, 213, 198),
(31, 214, 179),
(31, 215, 203),
(31, 216, 203),
(31, 217, 203),
(31, 218, 203),
(31, 219, 203),
(31, 220, 203),
(31, 221, 203),
(32, 222, 203),
(32, 223, 203),
(33, 224, 204),
(33, 225, 204),
(31, 226, 204),
(31, 227, 204),
(31, 228, 204),
(32, 229, 204),
(32, 230, 204),
(31, 231, 202),
(31, 232, 202),
(31, 233, 212),
(31, 234, 212),
(36, 235, 213);
COMMIT;

/*!40101 SET CHARACTER_SET_CLIENT=@OLD_CHARACTER_SET_CLIENT */;
/*!40101 SET CHARACTER_SET_RESULTS=@OLD_CHARACTER_SET_RESULTS */;
/*!40101 SET COLLATION_CONNECTION=@OLD_COLLATION_CONNECTION */;
